,Sr_No,FIR_No,IPC,Date_of_offence,Date_of_FIR,Police_station,Day,Time_of_offence,First_vehicle,Fatalities,Serious,Minor,Second_vehicle,Fatalities_1,Serious_1,Minor_1,Type_of_collision,Hit_and_run,Intersection_mid_block,Maneuver_type,Place_of_occurence,Total_Fatalities,Total_serious,Total_minor,Latitude,Longitude,Road_name,Road_number,Rural_urban,geo
0,1,3,"283,304-A,427,337 ",01/02/2017,2017-01-02,Kiratpur Sahib,1900-01-02,12:45:00,Bus/Truck,0,0,0,Car/Jeep/Van,2,2,0,Hit from Back,0,Intersection,Rough Driving,Bharatgarh,2,2,0,31.098747,76.613475,NH,NH-205,Rural,"31.098747,76.613475"
1,2,4,"279,304-A",01/06/2017,2017-01-07,Kiratpur Sahib,1900-01-06,00:00:00,Unknown,0,0,0,Pedestrian,1,0,0,Hit and Run,1,Mid Block,Over Speeding,Dolowal,1,0,0,31.1844102,76.572122,NH,NH-205,Rural,"31.1844102,76.572122"
2,3,8,"279,304-A,427",01/20/2017,2017-01-21,Kiratpur Sahib,1900-01-06,20:30:00,Car/Jeep/Van,0,0,0,Two Wheeler,2,0,0,Hit and Run,1,Intersection,Over Speeding,Sarsa Nangal,2,0,0,31.061886,76.599794,NH,NH-205,Rural,"31.061886,76.599794"
3,4,11,"279,304-A",01/20/2017,2017-01-22,Kiratpur Sahib,1900-01-06,11:00:00,Two Wheeler,0,0,0,Pedestrian,1,0,0,Head On,0,Mid Block,Over Speeding,Hardonimoh,1,0,0,31.160744,76.590448,Link Road,Link Road,Rural,"31.160744,76.590448"
4,5,18,"279,304-A,427",02/01/2017,2017-02-03,Kiratpur Sahib,1900-01-04,19:40:00,Bus/Truck,0,0,0,Two Wheeler,1,0,0,Hit from Back,0,Mid Block,Over Speeding,Dolowal,1,0,0,31.1844102,76.572122,NH,NH-205,Urban,"31.1844102,76.572122"
5,6,25,"279,304-A,427",02/23/2017,2017-02-23,Kiratpur Sahib,1900-01-05,15:00:00,Bus/Truck,0,0,0,Car/Jeep/Van,1,0,0,Head On,0,Intersection,Over Speeding,Sarsa Nangal,1,0,0,31.061886,76.599794,NH,NH-205,Rural,"31.061886,76.599794"
6,7,27,"279,304-A,427",03/05/2017,2017-03-06,Kiratpur Sahib,1900-01-01,20:30:00,Bus/Truck,0,0,0,Car/Jeep/Van,1,0,0,Hit and Run,1,Mid Block,Over Speeding,Tirak Karma,1,0,0,31.147479,76.570173,Link Road,Link Road,Rural,"31.147479,76.570173"
7,8,29,"279,304-A,427",03/02/2017,2017-03-08,Kiratpur Sahib,1900-01-05,04:45:00,Two Wheeler,0,0,0,Two Wheeler,1,0,0,Head On,0,Mid Block,Over Speeding,Kalyanpur,1,0,0,31.1702827,76.5713996,NH,NH-205,Rural,"31.1702827,76.5713996"
8,9,30,"279,304-A",03/12/2017,2017-03-13,Kiratpur Sahib,1900-01-01,19:00:00,Two Wheeler,0,0,0,Pedestrian,1,0,0,Head On,0,Mid Block,Over Speeding,Massewal,1,0,0,31.2068993,76.6081615,NH,NH-205,Rural,"31.2068993,76.6081615"
9,10,34,"279,337,304-A,427",03/27/2017,2017-03-28,Kiratpur Sahib,1900-01-02,18:30:00,Bus/Truck,0,0,0,Two Wheeler,1,1,0,Head On,0,Mid Block,Over Speeding,Dehni,1,1,0,31.2057203,76.60279024,NH,NH-205,Rural,"31.2057203,76.60279024"
10,11,43,"283,304-A,427",04/21/2017,2017-04-21,Kiratpur Sahib,1900-01-06,20:15:00,Two Wheeler,1,0,0,Two Wheeler,1,1,0,Head On,0,Intersection,Over Speeding,Bharatgarh,2,1,0,31.098747,76.613475,NH,NH-205,Rural,"31.098747,76.613475"
11,12,45,"279 ,337,427",04/25/2017,2017-04-28,Kiratpur Sahib,1900-01-03,17:45:00,Car/Jeep/Van,0,0,0,Two Wheeler,0,1,0,Head On,1,Intersection,Over Speeding,sarai hotal Bharatgarh,0,1,0,31.098747,76.613475,NH,NH-205,Rural,"31.098747,76.613475"
12,13,52,"279, 337",04/01/2017,2017-05-21,Kiratpur Sahib,1900-01-07,16:00:00,Car/Jeep/Van,0,1,0,Pedestrian,0,1,0,Hit from Side,0,Mid Block,Over Speeding,bara pind,0,2,0,31.1048637,76.6041313,NH,NH-205,Rural,"31.1048637,76.6041313"
13,14,56,"279, 337, 338",05/24/2017,2017-05-26,Kiratpur Sahib,1900-01-04,06:30:00,Bus/Truck,0,0,0,Pedestrian,0,1,0,Head On,0,Intersection,Over Speeding,Kiratpur sahib ,0,1,0,31.1870057,76.5648956,SH,SH-22,Urban,"31.1870057,76.5648956"
14,15,57,"279 ,337,427",05/26/2017,2017-05-28,Kiratpur Sahib,1900-01-06,00:00:00,Bus/Truck,0,0,0,Two Wheeler,0,1,0,Hit from Back,1,Mid Block,Over Speeding,sarai hotal Bharatgarh,0,1,0,31.0865387,76.6059989,NH,NH-205,Rural,"31.0865387,76.6059989"
15,16,75,"279 ,337,427",07/28/2017,2017-07-28,Kiratpur Sahib,1900-01-06,00:00:00,Bus/Truck,0,0,0,Car/Jeep/Van,0,0,0,Hit from Back,1,Mid Block,Over Speeding,Dubeta morh Bhartgarh ,0,0,0,31.0883283,76.6069211,NH,NH-205,Rural,"31.0883283,76.6069211"
16,17,77,"279 ,337,338",08/04/2017,2017-08-07,Kiratpur Sahib,1900-01-06,09:00:00,Two Wheeler,0,0,0,Pedestrian,0,1,0,Hit and Run,1,Intersection,Over Speeding,bus stand kiratpur sahib ,0,1,0,31.1870057,76.5648956,SH,SH-22,Urban,"31.1870057,76.5648956"
17,18,78,"279 ,304-A ,427 ",08/12/2017,2017-08-12,Kiratpur Sahib,1900-01-07,19:30:00,Bus/Truck,0,0,0,Two Wheeler,1,0,0,Hit and Run,1,Intersection,Over Speeding,bus stand kiratpur sahib ,1,0,0,31.1870057,76.5648956,SH,SH-22,Urban,"31.1870057,76.5648956"
18,19,79,"279 ,337,427",08/06/2017,2017-08-15,Kiratpur Sahib,1900-01-01,05:40:00,Car/Jeep/Van,0,0,0,Two Wheeler,0,1,0,Hit and Run,1,Intersection,Over Speeding,Sarsa Nangal,0,1,0,31.0618855,76.599794,NH,NH-205,Rural,"31.0618855,76.599794"
19,20,81,"279 ,304-A ,337 ,427",08/20/2017,2017-08-21,Kiratpur Sahib,1900-01-01,16:30:00,Bus/Truck,0,0,0,Two Wheeler,1,0,1,Hit and Run,1,Mid Block,Over Speeding,bara pind,1,0,1,31.1048637,76.6041313,NH,NH-205,Rural,"31.1048637,76.6041313"
20,21,82,"279 ,304-A  ,427",08/22/2017,2017-08-26,Kiratpur Sahib,1900-01-03,09:30:00,Bus/Truck,0,0,0,Two Wheeler,1,0,0,Hit and Run,1,Mid Block,Over Speeding,dehni,1,0,0,31.2057203,76.60279024,NH,NH-205,Rural,"31.2057203,76.60279024"
21,22,87,"279 ,304-A ,337,427",08/30/2017,2017-08-30,Kiratpur Sahib,1900-01-04,12:00:00,Bus/Truck,0,0,0,Two Wheeler,1,1,0,Hit and Run,1,Mid Block,Over Speeding,Bharatgarh,1,1,0,31.1035743,76.6039256,NH,NH-205,Rural,"31.1035743,76.6039256"
22,23,88,"279,304-A,",08/31/2017,2017-09-01,Kiratpur Sahib,1900-01-05,19:45:00,Bus/Truck,0,0,0,Pedestrian,1,0,0,Hit and Run,1,Mid Block,Over Speeding,Bharatgarh,1,0,0,31.1035743,76.6039256,NH,NH-205,Rural,"31.1035743,76.6039256"
23,24,90,"283,304-A,427",09/08/2017,2017-09-09,Kiratpur Sahib,1900-01-06,23:40:00,Bus/Truck,0,0,0,Car/Jeep/Van,1,0,0,Head On,0,Mid Block,Over Speeding,Dhaddi,1,0,0,31.1517994,76.579456,NH,NH-205,Rural,"31.1517994,76.579456"
24,25,117,"279,304-A,337,427",12/03/2017,2017-12-05,Kiratpur Sahib,1900-01-01,12:00:00,Car/Jeep/Van,0,0,0,Two Wheeler,1,0,1,Hit from Back,1,Mid Block,Over Speeding,Gardla,1,0,1,31.1214802,76.5773255,Link Road,Link Road,Rural,"31.1214802,76.5773255"
25,26,119,"279, 304-A",12/06/2017,2017-12-06,Kiratpur Sahib,1900-01-04,10:00:00,Bus/Truck,0,0,0,Pedestrian,1,0,1,Hit and Run,1,Mid Block,Over Speeding,Dubeta morh Bhartgarh ,1,0,1,31.0883283,76.6069211,NH,NH-205,Rural,"31.0883283,76.6069211"
26,27,12,279337338,01/27/2017,2017-01-27,Chamkaur Sahib,1900-01-06,18:15:00,Two Wheeler,0,0,0,Pedestrian,0,1,0,Hit Pedestrian,0,Intersection,Over Speeding,Near T Point Vill Chonta ,0,1,0,30.9423508,76.4895865,ODR,ODR-11,Rural,"30.9423508,76.4895865"
27,28,24,"279,304-A,427",02/03/2017,2017-02-03,Chamkaur Sahib,1900-01-06,21:15:00,Bus/Truck,0,0,0,Two Wheeler,2,0,0,Head on,0,Intersection,Over Speeding,Near Canel Vill Bhakumajra,2,0,0,30.9294554,76.472594,ODR,ODR-11,Rural,"30.9294554,76.472594"
28,29,27,"279,304-A,337",03/11/2017,2017-03-12,Chamkaur Sahib,1900-01-07,18:30:00,Unknown,0,0,0,Two Wheeler,2,0,0,Unknown,1,Intersection,Over Speeding,sirhind canal near vill Bhakumajra ,2,0,0,30.9018858,76.4376893,ODR,ODR-18,Rural,"30.9018858,76.4376893"
29,30,30,"279, 337, 338, 427",03/12/2017,2017-03-14,Chamkaur Sahib,1900-01-01,13:30:00,Bus/Truck,0,0,0,Two Wheeler,0,1,1,Head on,1,Mid Block,Over Speeding,Near Vill Pipal majra ,0,1,1,30.8639651,76.4300016,Link Road,Link Road,Rural,"30.8639651,76.4300016"
30,31,34,"279,337,304-A,427",03/26/2017,2017-03-26,Chamkaur Sahib,1900-01-01,17:00:00,Bus/Truck,0,0,0,Two Wheeler,1,0,1,Head on,0,Intersection,Over Speeding,Near T Point Vill Chonta ,1,0,1,30.9321319,76.4410757,ODR,ODR-11,Rural,"30.9321319,76.4410757"
31,32,40,"279, 304-A ,427",04/08/2017,2017-04-09,Chamkaur Sahib,1900-01-07,22:30:00,Car/Jeep/Van,0,0,0,Two Wheeler,2,0,0,Unknown,0,Intersection,Over Speeding,Shirhind calal near kiriafgana ,2,0,0,30.9023889,76.3613235,Link Road,Link Road,Rural,"30.9023889,76.3613235"
32,33,42,"279,304-A,427",04/13/2017,2017-04-14,Chamkaur Sahib,1900-01-05,20:00:00,Bus/Truck,0,0,0,Two Wheeler,1,0,0,Head on,0,Mid Block,Over Speeding,Vil Rurki heraon,1,0,0,30.8456178,76.4314558,ODR,ODR-2,Rural,"30.8456178,76.4314558"
33,34,43,"279,304a,427",04/20/2017,2017-04-21,Chamkaur Sahib,1900-01-05,20:00:00,Tractor-Trolley,0,0,0,Two Wheeler,1,0,0,Head on,0,Mid Block,Over Speeding,"Railon road,Ropar",1,0,0,30.9324228,76.3512468,Link Road,Link Road,Rural,"30.9324228,76.3512468"
34,35,74,"279,337,304a,427",07/07/2017,2017-07-08,Chamkaur Sahib,1900-01-06,21:45:00,Bus/Truck,0,0,0,Two Wheeler,2,0,0,Hit from back,1,Mid Block,Over Speeding,Sirhind canal near chamkaur sahib rest house ,2,0,0,30.8978024,76.3963902,Link Road,Link Road,Rural,"30.8978024,76.3963902"
35,36,78,279337388,07/15/2017,2017-07-23,Chamkaur Sahib,1900-01-07,14:30:00,Two Wheeler,0,0,0,Pedestrian,0,1,0,Hit from back,0,Intersection,Over Speeding,vill tapprianamar singh ,0,1,0,30.9347683,76.3292825,Link Road,Link Road,Rural,"30.9347683,76.3292825"
36,37,113,"279,427,304-A",10/28/2017,2017-10-29,Chamkaur Sahib,1900-01-07,19:25:00,Car/Jeep/Van,0,0,0,Two Wheeler,1,1,0,Head on,0,Mid Block,Over Speeding,near vill gagon,1,1,0,30.8899325,76.4510666,Link Road,Link Road,Rural,"30.8899325,76.4510666"
37,38,115,279388,10/24/2017,2017-11-01,Chamkaur Sahib,1900-01-03,21:00:00,Two Wheeler,0,0,0,Two Wheeler,0,1,0,Head on,0,Intersection,Over Speeding,near Vill mane majra ,0,1,0,30.8915604,76.4145124,ODR,ODR-2,Urban,"30.8915604,76.4145124"
38,39,4,279337338,12/01/2017,2018-01-07,Chamkaur Sahib,1900-01-06,19:30:00,Bus/Truck,0,0,0,Two Wheeler,0,0,0,Head on,0,Intersection,Over Speeding,near vill Mahla ,0,0,0,30.932717,76.472598,ODR,ODR-11,Rural,"30.932717,76.472598"
39,40,8,"279, 337, 338, 427",10/28/2017,2018-01-11,Chamkaur Sahib,1900-01-07,15:20:00,Car/Jeep/Van,0,0,0,Two Wheeler,0,1,1,Head on,0,Intersection,Over Speeding,sirhind canal vill Dholran,0,1,1,30.9031199,76.4760063,Link Road,Link Road,Rural,"30.9031199,76.4760063"
40,41,9,"279, 337, 338, 427",01/07/2017,2017-01-10,City Ropar,1900-01-07,12:00:00,Car/Jeep/Van,0,0,0,Two Wheeler,0,0,1,Head on,0,Mid Block,Over Speeding,"Near PWD Colony,Ropar ",0,0,1,30.96928,76.522234,ODR,ODR-11,Urban,"30.96928,76.522234"
41,42,19,"279, 338",01/25/2017,2017-01-28,City Ropar,1900-01-04,21:00:00,Car/Jeep/Van,0,0,0,Pedestrian,0,0,1,Head on,0,Intersection,Over Speeding,"Civil Hospital ,Road Ropar ",0,0,1,30.965586,76.524186,ODR,ODR-11,Urban,"30.965586,76.524186"
42,43,24,"279, 304-A ,427",02/11/2017,2017-02-11,City Ropar,1900-01-07,15:30:00,Unknown,0,0,0,Cyclist,1,0,1,Hit Cyclist,1,Intersection,Over Speeding,"Taprian T Point ,Ropar ",1,0,1,30.953586,76.529409,ODR,ODR-22,Urban,"30.953586,76.529409"
43,44,40,"279, 337, 427",03/11/2017,2017-03-14,City Ropar,1900-01-07,20:10:00,Tractor-Trolley,0,0,0,Car/Jeep/Van,0,0,1,Head on,0,Intersection,Over Speeding,"Bachat Chowk, Ropar",0,0,1,30.977909,76.520266,ODR,ODR-11,Urban,"30.977909,76.520266"
44,45,57,"279, 304-A ",03/28/2017,2017-04-02,City Ropar,1900-01-03,16:30:00,Car/Jeep/Van,0,0,0,Pedestrian,1,0,0,Hit Pedestrian,0,Intersection,Over Speeding,"Railon road,Ropar",1,0,0,30.947276,76.518252,ODR,ODR-20,Urban,"30.947276, ,76.518252"
45,46,61,"279, 304-A ,427",04/11/2017,2017-04-12,City Ropar,1900-01-03,23:15:00,Tractor-Trolley,0,0,0,Two Wheeler,1,0,0,Head on,0,Intersection,Over Speeding,"Near Miltray canteen,Ropar",1,0,0,30.963473,76.532531,NH,NH-103A,Urban,"30.963473, ,76.532531"
46,47,64,"279, 337, 427",04/12/2017,2017-04-13,City Ropar,1900-01-04,16:40:00,Car/Jeep/Van,0,0,0,Two Wheeler,0,1,0,Head on,1,Mid Block,Over Speeding,"Gilco velley,Ropar",0,1,0,30.964476,76.5745256,Link Road,Link Road,Rural,"30.964476,76.5745256"
47,48,72,"279, 338, 427",04/11/2017,2017-04-28,City Ropar,1900-01-03,19:30:00,Car/Jeep/Van,0,0,0,Two Wheeler,0,1,0,Hit from back,0,Intersection,Over Speeding,Near HMT Hotel Bela Road Ropar,0,1,0,30.957915,76.515149,ODR,ODR-11,Urban,"30.957915,76.515149"
48,49,73,"279, 304-A ,427",04/23/2017,2017-04-29,City Ropar,1900-01-01,15:45:00,Car/Jeep/Van,0,0,0,Two Wheeler,1,0,0,Head on,0,Intersection,Over Speeding,"Near Police line ,Ropar",1,0,0,30.940548,76.535527,NH,NH-205,Urban,"30.940548,76.535527"
49,50,80,"279, 337, 338, 427",05/13/2017,2017-05-13,City Ropar,1900-01-07,02:00:00,Car/Jeep/Van,0,0,0,Two Wheeler,0,0,1,Head on,0,Intersection,Over Speeding,"Near Distict Jail ,Ropar",0,0,1,30.953127,76.507989,ODR,ODR-11,Urban,"30.953127,76.507989"
50,51,81,"279, 304-A ,427",05/13/2017,2017-05-13,City Ropar,1900-01-07,19:40:00,Bus/Truck,0,0,0,Two Wheeler,1,0,1,Head on,0,Intersection,Over Speeding,"Near Gurdwara sadawart,Ropar ",1,0,1,30.97697,76.535184,NH,NH-205,Urban,"30.97697,76.535184"
51,52,82,"279, 337, 427 ",05/09/2017,2017-05-15,City Ropar,1900-01-03,14:00:00,Two Wheeler,0,0,0,Two Wheeler,0,0,1,Head on,0,Intersection,Over Speeding,"Near sai doctor ,College Road ropar",0,0,1,30.97212,76.519938,Muncipality Road,Muncipality Road,Urban,"30.972120,,76.519938"
52,53,84,"279, 304-A ",05/22/2017,2017-05-22,City Ropar,1900-01-02,11:20:00,Bus/Truck,0,0,0,Pedestrian,1,0,0,Hit Pedestrian,0,Intersection,Over Speeding,Vill railon Kalan Ropar,1,0,0,30.947276,76.518252,ODR,ODR-20,Urban,"30.947276, ,76.518252"
53,54,86,"279, 338, 427",04/18/2017,2017-05-24,City Ropar,1900-01-03,19:00:00,Car/Jeep/Van,0,0,0,Two Wheeler,0,0,1,Sideswipe ,0,Intersection,Over Speeding,Near Govt. college Ropar,0,0,1,30.973622,76.521161,ODR,ODR-11,Urban,"30.973622,,76.521161"
54,55,88,"279, 427",05/31/2017,2017-06-01,City Ropar,1900-01-04,23:00:00,Bus/Truck,0,0,0,Other,0,0,0,Hit Fixed Object,0,Intersection,Over Speeding,"Nangal Chownk Pump,ropar",0,0,0,30.962366,76.533056,NH,NH-103A,Urban,"30.962366,,76.533056"
55,56,89,"279,304-A,427",06/02/2017,2017-06-02,City Ropar,1900-01-06,19:00:00,Bus/Truck,0,0,0,Two Wheeler,1,0,0,Head on,0,Intersection,Over Speeding,"Near New Bridge ,Ropar",1,0,0,30.971887,76.531537,Muncipality Road,Muncipality Road,Urban,"30.971887,76.531537"
56,57,95,"279, 304-A ",06/05/2017,2017-06-12,City Ropar,1900-01-02,08:30:00,Bus/Truck,0,0,0,Pedestrian,1,0,0,Hit Pedestrian,0,Intersection,Over Speeding,"New Bus/Truck stand,Ropar",1,0,0,30.982347,76.522878,NH,NH-103A,Urban,"30.982347, ,76.522878"
57,58,96,"279, 337, 338, 427",06/10/2017,2017-06-12,City Ropar,1900-01-07,14:40:00,Car/Jeep/Van,0,0,0,Two Wheeler,0,0,1,Head on,0,Intersection,Over Speeding,"Near new byepass ,Ropar",0,0,1,30.947276,76.518252,ODR,ODR-20,Urban,"30.947276, ,76.518252"
58,59,107,"279, 304-A, 427",06/27/2017,2017-06-27,City Ropar,1900-01-03,19:00:00,Unknown,0,0,0,Car/Jeep/Van,2,0,0,Sideswipe ,1,Mid Block,Over Speeding,"Morinda chownk,Byepass Ropar",2,0,0,30.964385,76.534714,Link Road,Link Road,Rural,"30.964385,, 76.534714"
59,60,110,"279, 337, 427",06/13/2017,2017-06-30,City Ropar,1900-01-03,22:00:00,Car/Jeep/Van,0,0,0,Other,0,1,0,Sideswipe ,0,Intersection,Over Speeding,"Near Forest Dept  Office, Ropar ",0,1,0,30.978542,76.526784,Muncipality Road,Muncipality Road,Urban,"30.978542,76.526784"
60,61,115,"279, 304-A",06/29/2017,2017-07-10,City Ropar,1900-01-05,20:00:00,Bus/Truck,0,0,0,Two Wheeler,1,0,0,Sideswipe ,0,Intersection,Over Speeding,"Nera Miltary canteen ,Ropar ",1,0,0,30.963473,76.532531,NH,NH-103A,Urban,"30.963473,76.532531"
61,62,121,"279, 304-A, 427",07/15/2017,2017-07-15,City Ropar,1900-01-07,11:00:00,Unknown,0,0,0,Two Wheeler,1,0,0,Head on,1,Intersection,Over Speeding,"Near IIT river bridge, Ropar",1,0,0,30.974788,76.498955,ODR,ODR-20,Urban,"30.974788,76.498955"
62,63,148,"279, 304-A",08/24/2017,2017-09-06,City Ropar,1900-01-05,07:00:00,Two Wheeler,0,0,0,Pedestrian,1,0,0,Hit Pedestrian,1,Intersection,Over Speeding,Near railway station Ropar,1,0,0,30.971962,76.532885,NH,NH-103A,Urban,"30.971962,76.532885"
63,64,169,"279, 304-A, 337",10/07/2017,2017-10-08,City Ropar,1900-01-07,20:00:00,Unknown,0,0,0,Pedestrian,1,0,0,Hit Pedestrian,1,Intersection,Over Speeding,Near T-Point DC office Ropar,1,0,0,30.982118,76.519865,ODR,ODR-11,Urban,"30.982118,76.519865"
64,65,173,"279, 304-A, 427",10/11/2017,2017-10-12,City Ropar,1900-01-04,20:30:00,Two Wheeler,0,0,0,Two Wheeler,1,0,0,Sideswipe ,0,Mid Block,Over Speeding,Ropar Chamkaur Sahib link road Near bhai Himat singh Guruduara Ropar,1,0,0,30.954205,76.52941,ODR,ODR-22,Urban,"30.954205, ,76.52941"
65,66,174,"279, 304-A, 427, 337",10/14/2017,2017-10-14,City Ropar,1900-01-07,08:15:00,Bus/Truck,0,0,0,Two Wheeler,1,0,0,Sideswipe ,1,Intersection,Approaching from wrong side,Near By pass ropar,1,0,0,30.947276,76.518252,ODR,ODR-20,Urban,"30.947276, ,76.518252"
66,67,178,"279, 304-A, 427",10/18/2017,2017-10-19,City Ropar,1900-01-04,20:30:00,Unknown,0,0,0,Two Wheeler,1,0,0,Hit from back,1,Intersection,Over Speeding,Vill Nanakpura turn Rupnagar,1,0,0,30.97696,76.535184,NH,NH-205,Urban,"30.97696,76.535184"
67,68,180,"279, 304-A, 427",10/19/2017,2017-10-20,City Ropar,1900-01-05,13:30:00,Car/Jeep/Van,0,0,0,Two Wheeler,1,0,0,Hit from back,0,Intersection,Over Speeding,Near PS Sadar Ropar,1,0,0,30.97695,76.535187,NH,NH-205,Urban,"30.97695,76.535187"
68,69,183,"279, 304-A, 427",10/24/2017,2017-10-24,City Ropar,1900-01-03,08:30:00,Bus/Truck,0,0,0,Pedestrian,1,0,0,Hit from back,0,Intersection,Over Speeding,New Shampura colony Rupnagar,1,0,0,30.964594,76.506385,ODR,ODR-20,Urban,"30.964594,76.506385"
69,70,189,"279, 337, 338, 427",10/31/2017,2017-11-02,City Ropar,1900-01-03,18:15:00,Tractor-Trolley,0,0,0,Two Wheeler,0,1,0,Hit from back,1,Mid Block,Over Speeding,Near drug addiction centre katli road Rupnagar,0,1,0,30.9446324,76.5245254,ODR,ODR-08,Urban,"30.9446324,76.5245254"
70,71,196,"279, 304-A",11/19/2017,2017-11-19,City Ropar,1900-01-01,11:15:00,Bus/Truck,0,0,0,Pedestrian,1,0,0,Hit from back,1,Intersection,Over Speeding,Old bus stand rupnagar,1,0,0,30.966462,76.533348,NH,NH-103A,Urban,"30.966462, ,76.533348"
71,72,203,"279, 304-A ",11/24/2017,2017-12-01,City Ropar,1900-01-06,09:30:00,Car/Jeep/Van,0,0,0,Pedestrian,1,1,0,Hit from back,1,Intersection,Over Speeding,Near PS Sadar Ropar,1,1,0,30.97695,76.535187,NH,NH-205,Urban,"30.97695,76.535187"
72,73,212,"279, 337, 427 ",12/09/2017,2017-12-10,City Ropar,1900-01-07,14:30:00,Bus/Truck,0,0,0,Car/Jeep/Van,0,1,0,Hit from back,0,Mid Block,Over Speeding,Near 132KV Sub Station rupngar,0,1,0,30.943738,76.534264,NH,NH-205,Urban,"30.943738,76.534264"
73,74,214,"279, 337, 427",12/14/2017,2017-12-15,City Ropar,1900-01-05,18:30:00,Car/Jeep/Van,0,0,0,Two Wheeler,0,1,0,Sideswipe ,1,Intersection,Over Speeding,Sant Karan Singh Academy Chowk,0,1,0,30.964468,76.505952,ODR,ODR-20,Urban,"30.964468,76.505952"
74,75,1,"279, 304-A, 337, 427",12/31/2017,2018-01-01,City Ropar,1900-01-01,17:00:00,Car/Jeep/Van,0,0,0,Two Wheeler,1,0,0,Hit from back,1,Intersection,Over Speeding,Bhatha sahib chowk rupnagar,1,0,0,30.9681843,76.5235027,ODR,ODR-11,Urban,"30.9681843,76.5235027"
75,76,2,"279, 337, 427, 338 & 177 MV ACT",12/30/2017,2018-01-01,City Ropar,1900-01-07,00:00:00,Two Wheeler,0,0,0,Two Wheeler,0,1,0,Sideswipe ,0,Intersection,Over Speeding,"Near Distict Jail ,Ropar",0,1,0,30.968154,76.5235146,ODR,ODR-11,Urban,"30.968154,76.5235146"
76,77,7,"279,337,338,427,304-A ",01/13/2017,2017-01-15,Morinda,1900-01-06,23:30:00,Car/Jeep/Van,0,0,0,Car/Jeep/Van,1,0,0,Head on,0,Intersection,Approaching from wrong side,T-Ponit Saheri,1,0,0,30.814758,76.502578,ODR,ODR-08,Rural,"30.814758,76.502578"
77,78,9,"279,337,304-A,427 ",01/15/2017,2017-01-18,Morinda,1900-01-01,15:30:00,Car/Jeep/Van,0,0,0,Two wheeler,1,0,0,Hit Pedestrian,0,Intersection,Over Speeding,Near Namdhari Workshop Marouli Kalan,1,0,0,30.786769,76.519188,SH,SH-08,Rural,"30.786769,76.519188"
78,79,30,"279,337,338,427,304-A ",02/20/2017,2017-02-21,Morinda,1900-01-02,20:30:00,Car/Jeep/Van,0,0,0,Two wheeler,1,0,0,Head on,0,Intersection,Over Speeding,Near Village Marouli Kalan,1,0,0,30.785866,76.521246,SH,SH-08,Rural,"30.785866,76.521246"
79,80,32,"279, 337, 338, 427",02/22/2017,2017-02-23,Morinda,1900-01-04,18:30:00,Car/Jeep/Van,0,0,0,Two wheeler,0,1,0,Head on,0,Intersection,Over Speeding,Chunni Chownk Morinda,0,1,0,30.775664,76.503127,NH,NH-95,Rural,"30.775664,76.503127"
80,81,35,"279,337,304-A,427 ",02/26/2017,2017-02-26,Morinda,1900-01-01,14:25:00,Bus/Truck,0,0,0,Two wheeler,1,0,0,Head on,1,Intersection,Approaching from wrong side,Sirhind Lights Morinda,1,0,0,30.784421,76.481131,NH,NH-95,Rural,"30.784421,76.481131"
81,82,38,"279, 337, 338, 427",04/03/2017,2017-06-03,Morinda,1900-01-02,15:00:00,Tractor-Trolley,0,0,0,Two wheeler,0,1,0,Head on,1,Intersection,Approaching from wrong side,Near Village Ballan Kalan Road to Udhampur Nalan,0,1,0,30.803366,76.446711,Link Road,Link Road,Rural,"30.803366,76.446711"
82,83,39,"279,304-A ",09/03/2017,2017-09-03,Morinda,1900-01-01,18:50:00,Car/Jeep/Van,0,0,0,Pedestrian,1,0,0,Hit Pedestrian,0,Intersection,Over Speeding,Dhiman Palace,1,0,0,30.790658,76.508403,SH,SH-08,Urban,"30.790658,76.508403"
83,84,44,"279,337,338,427,304-A ",03/22/2017,2017-03-22,Morinda,1900-01-04,18:50:00,Car/Jeep/Van,0,0,0,Two wheeler,1,0,0,Head on,0,Intersection,Approaching from wrong side,SUGAR MILL ROAD MORINDA,1,0,0,30.795497,76.49874,ODR,ODR-08,Urban,"30.795497,76.49874"
84,85,45,"279,337,304-A",03/18/2017,2017-03-24,Morinda,1900-01-07,21:00:00,Car/Jeep/Van,0,0,0,Two wheeler,1,0,0,Head on,1,Intersection,Approaching from wrong side,MORINDA BY-PASS MORINDA,1,0,0,30.776167,76.501743,NH,NH-95,Rural,"30.776167,76.501743"
85,86,60,"279, 338, 427",04/28/2017,2017-05-01,Morinda,1900-01-06,21:00:00,Two Wheeler,0,0,0,Two wheeler,0,1,0,Head on,1,Mid Block,Approaching from wrong side,Service Station Village Kanjla,0,1,0,30.797272,76.480711,Link Road,Link Road,Rural,"30.797272,76.480711"
86,87,74,"279,427,304-A ",05/13/2017,2017-05-24,Morinda,1900-01-07,20:30:00,Two Wheeler,0,0,0,Two wheeler,1,0,0,Head on,0,Mid Block,Approaching from wrong side,Sohi Petrol Pump Chatamla,1,0,0,30.814163,76.549625,MDR,MDR-31,Rural,"30.814163,76.549625"
87,88,81,"279,304-A,427 ",06/04/2017,2017-06-05,Morinda,1900-01-01,21:55:00,Car/Jeep/Van,0,0,0,Two wheeler,1,0,0,Head on,0,Mid Block,Approaching from wrong side,Global Enclave Marauli Kalan,1,0,0,30.788726,76.579024,Link Road,Link Road,Rural,"30.788726,76.579024"
88,89,83,"279,304-A,427,338 ",06/10/2017,2017-06-10,Morinda,1900-01-07,15:30:00,Bus/Truck,0,0,0,Car/Jeep/Van,1,0,0,Head on,0,Intersection,Approaching from wrong side,Near Vill. Chatamla,1,0,0,30.805562,76.543251,Link Road,Link Road,Rural,"30.805562,76.543251"
89,90,108,"279,304-A ",08/01/2017,2017-08-02,Morinda,1900-01-03,19:30:00,Unknown,0,0,0,Two wheeler,1,0,0,Head on,0,Mid Block,Approaching from wrong side,Near Palm Enclave Morinda,1,0,0,30.777564,76.502331,NH,NH-95,Rural,"30.777564,76.502331"
90,91,138,"279, 337, 427, 338",09/14/2017,2017-09-15,Morinda,1900-01-05,19:30:00,Bus/Truck,0,0,0,Two wheeler,0,1,0,Head on,1,Intersection,Approaching from wrong side,Between Rattangarh And Bhateri Vilage,0,1,0,30.78402,76.498436,Muncipality Road,Muncipality Road,Urban,"30.78402,76.498436"
91,92,144,"279, 337",09/14/2017,2017-10-02,Morinda,1900-01-05,21:00:00,Bus/Truck,0,0,0,Two wheeler,0,0,1,Head on,1,Intersection,Approaching from wrong side,Near grain Market Morinda,0,0,1,30.790361,76.490457,SH,SH-08,Urban,"30.790361,76.490457"
92,93,151,"279,304-A ",10/14/2017,2017-10-15,Morinda,1900-01-07,22:20:00,Car/Jeep/Van,0,0,0,Two wheeler,1,0,0,Head on,0,Intersection,Approaching from wrong side,T-Point Kurali Road Morinda,1,0,0,30.790658,76.508403,SH,SH-08,Urban,"30.790658,76.508403"
93,94,156,"279, 338, 427",05/25/2017,2017-10-25,Morinda,1900-01-05,14:30:00,Car/Jeep/Van,0,0,0,Two wheeler,0,1,0,Head on,0,Intersection,Approaching from wrong side,Near Village Kalaran,0,1,0,30.785866,76.521246,SH,SH-08,Rural,"30.785866,76.521246"
94,95,162,"279, 337",10/23/2017,2017-11-04,Morinda,1900-01-02,17:30:00,Bus/Truck,0,0,0,Two wheeler,0,0,1,Head on,0,Intersection,Approaching from wrong side,Near Village Marouli Kalan,0,0,1,30.785866,76.521246,SH,SH-08,Rural,"30.785866,76.521246"
95,96,167,"279,304-A ",11/09/2017,2017-11-10,Morinda,1900-01-05,17:30:00,Car/Jeep/Van,0,0,0,Pedestrian,1,0,0,Hit Pedestrian,0,Intersection,Over Speeding,T Point Chamkaur Sahib Morinda,1,0,0,30.790318,76.490531,SH,SH-08,Urban,"30.790318,76.490531"
96,97,168,"279,337,304-A ",11/10/2017,2017-11-10,Morinda,1900-01-06,15:30:00,Bus/Truck,0,0,0,Two wheeler,1,0,0,Head on,0,Intersection,Over Speeding,HDFC Bank Morinda,1,0,0,30.795423,76.498554,ODR,ODR-08,Urban,"30.795423,76.498554"
97,98,186,"279,304-A,427 ",11/30/2017,2017-11-30,Morinda,1900-01-05,15:30:00,Bus/Truck,0,0,1,Two wheeler,1,0,0,Sideswipe ,0,Mid Block,Over Speeding,Panjkoha Palace Morinda,1,0,1,30.789276,76.470579,NH,NH-95,Rural,"30.789276,76.470579"
98,99,188,"279,304-A ",12/01/2017,2017-12-02,Morinda,1900-01-06,00:00:00,Bus/Truck,0,0,0,Two wheeler,1,0,0,Head on,0,Intersection,Approaching from wrong side,T Point Chamkaur Sahib Morinda,1,0,0,30.790318,76.490531,SH,SH-08,Urban,"30.790318,76.490531"
99,100,192,"279,337,427,304-A ",12/08/2017,2017-12-09,Morinda,1900-01-06,19:30:00,Car/Jeep/Van,0,0,0,Two wheeler,1,0,0,Sideswipe ,0,Intersection,Over Speeding,Over Bridge Bypass Morinda,1,0,0,30.779258,76.493485,NH,NH-95,Rural,"30.779258,76.493485"
100,101,194,"279,304-A,427 ",12/10/2017,2017-12-11,Morinda,1900-01-01,00:00:00,Car/Jeep/Van,0,0,0,Two wheeler,1,0,0,Head on,0,Mid Block,Over Speeding,Gurdwara sahib Village Kalaran,1,0,0,30.803945,76.470351,ODR,ODR-2,Rural,"30.803945,76.470351"
101,102,203,279427,12/23/2017,2017-12-24,Morinda,1900-01-07,17:00:00,Bus/Truck,0,0,0,Car/Jeep/Van,0,0,1,Hit Pedestrian,0,Mid Block,Over Speeding,Near Vill. Balan Khurd,0,0,1,30.806201,76.4535485,Link Road,Link Road,Rural,"30.806201,76.4535485"
102,103,12,"279, 304-A,427",02/12/2017,2017-02-13,Nurpur Bedi,1900-01-01,18:00:00,Two Wheeler,0,0,0,Two wheeler,1,1,0,Head on,0,Intersection,Over Speeding,Near Gurdwara Baba Deep Singh jhajj,1,1,0,31.210377,76.429328,MDR,MDR-59,Rural,"31.210377,76.429328"
103,104,47,"279, 304-A ",05/17/2017,2017-05-18,Nurpur Bedi,1900-01-04,20:00:00,Car/Jeep/Van,0,0,0,Two wheeler,1,0,0,Head on,1,Intersection,over Speeding,Milk Center Asmanpur,1,0,0,31.144591,76.50152,MDR,MDR-55,Rural,"31.144591,76.50152"
104,105,53,"279, 304 A, 427",06/05/2017,2017-06-05,Nurpur Bedi,1900-01-02,10:00:00,Bus/Truck,0,0,0,Two wheeler,1,1,0,Head on,1,Mid Block,over Speeding,daburji Farm Rainsrha,1,1,0,31.228621,76.364528,Link Road,Link Road,Rural,"31.228621,76.364528"
105,106,72,"279,304 A,337",07/03/2017,2017-07-03,Nurpur Bedi,1900-01-02,00:15:00,Bus/Truck,1,0,0,Unknown,2,0,0,Unknown,0,Intersection,Over Speeding,Near Bus/Truck Stand Kalma ,3,0,0,31.231247,76.39327,MDR,MDR-55,Rural,"31.231247,76.39327"
106,107,75,"279,304-A,337,338,427",07/06/2017,2017-07-07,Nurpur Bedi,1900-01-05,20:30:00,Tractor-Trolley,0,0,0,Two wheeler,1,1,0,Head on,1,Mid Block,Over Speeding,Near Vill.Ajampur,1,1,0,31.158908,76.487419,MDR,MDR-55,Rural,"31.158908,76.487419"
107,108,77,279337338,07/23/2017,2017-07-28,Nurpur Bedi,1900-01-01,18:40:00,Two Wheeler,0,0,0,Pedestrian,0,1,0,Hit Pedestrian,1,Mid Block,Over Speeding,Vill.Thana,0,1,0,31.209682,76.441636,Link Road,Link Road,Rural,"31.209682,76.441636"
108,109,78,279337338427,08/02/2017,2017-08-04,Nurpur Bedi,1900-01-04,07:00:00,Bus/Truck,0,0,0,Bus/Truck,0,1,0,Unknown,1,Intersection,Over Speeding,Vill.Bassi,0,1,0,31.154649,76.544849,Link Road,Link Road,Rural,"31.154649,76.544849"
109,110,87,"279,304 A,427",08/17/2017,2017-08-23,Nurpur Bedi,1900-01-05,06:15:00,Car/Jeep/Van,0,0,0,Two wheeler,1,1,0,Head on,1,Intersection,Over Speeding,Vill.Sekhpur,1,1,0,31.155946,76.529961,Link Road,Link Road,Rural,"31.155946,76.529961"
110,111,89,"283,304 A,427",08/30/2017,2017-08-30,Nurpur Bedi,1900-01-04,01:00:00,Bus/Truck,0,0,0,Car/Jeep/Van,1,2,0,Head on,0,Mid Block,Wrong Parking,Vill Chehrh mjara,1,2,0,31.159339,76.507364,Link Road,Link Road,Rural,"31.159339,76.507364"
111,112,96,"279,337,338,304 A,427",09/10/2017,2017-09-12,Nurpur Bedi,1900-01-01,17:30:00,Unknown,0,0,0,Two wheeler,1,0,0,Head on,1,Intersection,Over Speeding,Asalpur road Bainsa,1,0,0,31.129674,76.515995,MDR,MDR-55,Rural,"31.129674,76.515995"
112,113,104,279337338427,09/29/2017,2017-10-03,Nurpur Bedi,1900-01-06,18:00:00,Two Wheeler,0,0,0,Two wheeler,0,1,1,Unknown,0,Intersection,Over Speeding,Power house Bainsa,0,1,1,31.12992,76.51577,MDR,MDR-55,Rural,"31.12992,76.51577"
113,114,112,"279,304 A,427",10/18/2017,2017-10-18,Nurpur Bedi,1900-01-04,11:00:00,Unknown,0,0,0,Two wheeler,1,0,0,Head on,1,Intersection,Over Speeding,Near sawarn Palace Nurpur bedi,1,0,0,31.163865,76.476379,Link Road,Link Road,Urban,"31.163865,76.476379"
114,115,125,"279,304 A",11/07/2017,2017-11-07,Nurpur Bedi,1900-01-03,12:00:00,Unknown,0,0,0,Two wheeler,1,0,0,Head on,1,Mid Block,Over Speeding,vill.Hiatpur Near PBJS School,1,0,0,31.160735,76.414711,Link Road,Link Road,Rural,"31.160735,76.414711"
115,116,139,"279,304 A",12/12/2017,2017-12-13,Nurpur Bedi,1900-01-03,19:00:00,Unknown,0,0,0,Pedestrian,1,0,0,Head on,1,Mid Block,Over Speeding,Petrol pump bassi,1,0,0,31.153683,76.552042,Link Road,Link Road,Rural,"31.153683,76.552042"
116,117,2,"279,304-A",01/01/2017,2017-01-01,Sadar Roopnagar,1900-01-01,17:30:00,Unknown,0,0,0,Pedestrian,1,0,0,Hit Pedestrian,0,Mid Block,Over Speeding,Thali Kalan,1,0,0,31.0216472,76.5852962,Link Road,Link Road,Rural,"31.0216472,76.5852962"
117,118,11,"279,304-A,427",01/21/2017,2017-01-22,Sadar Roopnagar,1900-01-07,11:30:00,Two Wheeler,0,0,0,Cyclist,1,0,0,Head On,0,Intersection,Over Speeding,Ramgarh Tapprian,1,0,0,30.9361502,76.6168034,Link Road,Link Road,Rural,"30.9361502,76.6168034"
118,119,17,"279,304-A",02/14/2017,2017-02-17,Sadar Roopnagar,1900-01-03,18:30:00,Car/Jeep/Van,0,0,0,Pedestrian,1,0,0,Head On,0,Mid Block,Over Speeding,Panjola,1,0,0,30.9182574,76.5979462,Link Road,Link Road,Rural,"30.9182574,76.5979462"
119,120,40,"279,304-A,427",04/30/2017,2017-04-30,Sadar Roopnagar,1900-01-01,18:30:00,Car/Jeep/Van,0,0,0,Two Wheeler,1,0,0,Head On,0,Mid Block,Over Speeding,Khauspur,1,0,0,30.9957874,76.5443876,NH,NH-205,Rural,"30.9957874,76.5443876"
120,121,41,279 427 337,05/01/2017,2017-05-03,Sadar Roopnagar,1900-01-02,10:00:00,Car/Jeep/Van,0,0,0,Cyclist,0,0,1,Hit Cyclist,0,Mid Block,Over Speeding,Ahmadpur,0,0,1,31.011566,76.5713762,NH,NH-205,Rural,"31.011566,76.5713762"
121,122,44,"279,304-A",05/06/2017,2017-05-06,Sadar Roopnagar,1900-01-07,17:00:00,Bus/Truck,0,0,0,Pedestrian,1,0,0,Hit Pedestrian,0,Mid Block,Over Speeding,Ahmadpur,1,0,0,31.011566,76.571376,NH,NH-205,Rural,"31.011566,76.571376"
122,123,48,"279,304-A",05/15/2017,2017-05-15,Sadar Roopnagar,1900-01-02,08:00:00,Tractor-Trolley,0,0,0,Pedestrian,1,0,0,Hit Pedestrian,0,Mid Block,Over Speeding,Fatehpur,1,0,0,30.9015938,76.6493897,Link Road,Link Road,Rural,"30.9015938,76.6493897"
123,124,51,"279,304-A",05/26/2017,2017-05-26,Sadar Roopnagar,1900-01-06,15:40:00,Two Wheeler,0,0,0,Pedestrian,1,0,0,Hit Pedestrian,0,Mid Block,Over Speeding,Mianpur,1,0,0,30.9295002,76.5743409,Link Road,Link Road,Rural,"30.9295002,76.5743409"
124,125,53,"279,337,427304-A",06/02/2017,2017-06-03,Sadar Roopnagar,1900-01-06,21:40:00,Two Wheeler,1,0,0,Two Wheeler,1,0,0,Head On,0,Intersection,Over Speeding,Tax Barrier Ghanauli ,2,0,0,31.0244412,76.5855158,Link Road,Link Road,Rural,"31.0244412,76.5855158"
125,126,60,"279,304-A",06/18/2017,2017-06-19,Sadar Roopnagar,1900-01-01,20:30:00,Two Wheeler,0,0,0,Cyclist,1,0,0,Hit Cyclist,0,Mid Block,Over Speeding,Kheri,1,0,0,30.9245765,76.6496824,Link Road,Link Road,Rural,"30.9245765,76.6496824"
126,127,63,"279,337,427304-A",06/21/2017,2017-06-21,Sadar Roopnagar,1900-01-04,06:00:00,Car/Jeep/Van,0,0,0,Car/Jeep/Van,1,0,0,Head On,0,Mid Block,Over Speeding,Inderpura,1,0,0,31.0432655,76.6016195,Link Road,Link Road,Rural,"31.0432655,76.6016195"
127,128,71,"279,304-A",07/08/2017,2017-07-08,Sadar Roopnagar,1900-01-07,16:00:00,Bus/Truck,0,0,0,Pedestrian,1,0,0,Hit Pedestrian,0,Intersection,Over Speeding,Tax Barrier Ghanauli ,1,0,0,31.0201542,76.5920304,SH,SH-16,Rural,"31.0201542,76.5920304"
128,129,81,"279,337,304-A,427",08/05/2017,2017-08-05,Sadar Roopnagar,1900-01-07,18:30:00,Bus/Truck,0,0,0,Bus/Truck,1,0,2,Head On,0,Intersection,Over Speeding,Tax Barrier Ghanauli ,1,0,2,31.0327125,76.5962992,NH,NH-205,Rural,"31.0327125,76.5962992"
129,130,85,"279,304-A",08/15/2017,2017-08-16,Sadar Roopnagar,1900-01-03,23:00:00,Car/Jeep/Van,0,0,0,Pedestrian,1,0,0,Hit Pedestrian,0,Intersection,Over Speeding,Tax Barrier Ghanauli ,1,0,0,31.0176872,76.5634725,Link Road,Link Road,Rural,"31.0176872,76.5634725"
130,131,86,279 337 427,08/21/2017,2017-08-22,Sadar Roopnagar,1900-01-02,21:30:00,Car/Jeep/Van,0,0,0,Two Wheeler,0,0,2,Head On,0,Intersection,Over Speeding,T point Malakpur,0,0,2,31.0176872,76.5634725,Link Road,Link Road,Rural,"31.0176872,76.5634725"
131,132,90,"279,304-A,427,337",08/28/2017,2017-08-28,Sadar Roopnagar,1900-01-02,13:30:00,Bus/Truck,0,0,0,Two Wheeler,1,0,1,Head On,0,Mid Block,Over Speeding,Lohgarh Fedde,1,0,1,31.0281442,76.5654353,Link Road,Link Road,Rural,"31.0281442,76.5654353"
132,133,94,"279,337,304-A,427",09/06/2017,2017-09-06,Sadar Roopnagar,1900-01-04,09:00:00,Bus/Truck,0,0,0,Two Wheeler,1,0,0,Head On,0,Mid Block,Over Speeding,Ghanaula,1,0,0,31.0281046,76.6045487,SH,SH-16,Rural,"31.0281046,76.6045487"
133,134,96,"279,304-A",09/14/2017,2017-09-14,Sadar Roopnagar,1900-01-05,19:00:00,Bus/Truck,0,0,0,Car/Jeep/Van,1,0,0,Head On,0,Intersection,Over Speeding,T point Malakpur,1,0,0,31.0176872,76.5634723,Link Road,Link Road,Rural,"31.0176872,76.5634723"
134,135,102,"279,304-A",09/22/2017,2017-09-23,Sadar Roopnagar,1900-01-06,19:30:00,Two Wheeler,0,0,0,Cyclist,1,0,0,Hit Cyclist,0,Mid Block,Over Speeding,Santokhgarh Tapprian,1,0,0,30.9296095,76.5958185,Link Road,Link Road,Rural,"30.9296095,76.5958185"
135,136,120,"279,304-A",10/31/2017,2017-10-31,Sadar Roopnagar,1900-01-03,07:30:00,Bus/Truck,0,0,0,Cyclist,1,0,0,Hit Cyclist,0,Mid Block,Over Speeding,Panjoli,1,0,0,30.9219125,76.5865375,Link Road,Link Road,Rural,"30.9219125,76.5865375"
136,137,122,"279,304-A",11/01/2017,2017-11-02,Sadar Roopnagar,1900-01-04,06:30:00,Bus/Truck,0,0,0,Pedestrian,1,0,0,Hit Pedestrian,0,Mid Block,Over Speeding,Singhpur,1,0,0,31.0205546,76.5833854,Link Road,Link Road,Rural,"31.0205546,76.5833854"
137,138,126,"279,337,304-A",11/16/2017,2017-11-16,Sadar Roopnagar,1900-01-05,15:00:00,Car/Jeep/Van,0,0,0,Pedestrian,1,0,0,Hit Pedestrian,0,Intersection,Over Speeding,Nuho Colony,1,0,0,31.0313516,76.5757157,Link Road,Link Road,Rural,"31.0313516,76.5757157"
138,139,130,"279,304-A",11/27/2017,2017-11-28,Sadar Roopnagar,1900-01-02,18:20:00,Car/Jeep/Van,0,0,0,Pedestrian,1,0,0,Hit Pedestrian,0,Mid Block,Over Speeding,Khauspur,1,0,0,30.9957875,76.544876,NH,NH-205,Rural,"30.9957875,76.544876"
139,140,134,"279,304-A",12/09/2017,2017-12-09,Sadar Roopnagar,1900-01-07,05:30:00,Bus/Truck,0,0,0,Pedestrian,2,0,0,Hit Pedestrian,0,Mid Block,Over Speeding,Bahadurpur,2,0,0,31.0227175,76.5400819,Link Road,Link Road,Rural,"31.0227175,76.5400819"
140,141,141,279 337 427,12/30/2017,2017-12-30,Sadar Roopnagar,1900-01-07,10:40:00,Bus/Truck,0,0,0,Two Wheeler,0,0,1,Head On,0,Mid Block,Over Speeding,Tax Barrier Ghanauli ,0,0,1,31.0245234,76.5850325,Link Road,Link Road,Rural,"31.0245234,76.5850325"
141,142,3,"279, 304-A ",01/19/2017,2017-01-20,Singh Bhagwantpura ,1900-01-05,21:00:00,Bus/Truck,0,0,0,Pedestrian,1,0,0,Hit Pedestrian,0,Intersection,Over Speeding,"Near Bhrampur Zimidara ,Ropar",1,0,0,30.910049,76.544206,NH,NH-205,Rural,"30.910049,76.544206"
142,143,6,"279, 337, 427",01/20/2017,2017-01-27,Singh Bhagwantpura ,1900-01-06,12:20:00,Bus/Truck,0,0,0,Two Wheeler,0,1,0,Sideswipe ,1,Intersection,Over Speeding,Bhaman Majra ,0,1,0,30.889317,76.567861,Link Road,Link Road,Rural,"30.889317,76.567861"
143,144,9,"279, 337, 338 ",01/25/2017,2017-02-10,Singh Bhagwantpura ,1900-01-04,16:30:00,Car/Jeep/Van,0,0,0,Two Wheeler,0,1,0,Sideswipe ,1,Intersection,Over Speeding,Solkhiya,0,1,0,30.898923,76.548158,NH,NH-205,Rural,"30.898923,76.548158"
144,145,13,"279,337 ,427 ,304-A",02/12/2017,2017-02-23,Singh Bhagwantpura ,1900-01-01,16:00:00,Bus/Truck,0,0,0,Two Wheeler,1,0,0,Sideswipe ,1,Intersection,Over Speeding,Bhago Majra ,1,0,0,30.853085,76.564034,NH,NH-205,Rural,"30.853085,76.564034"
145,146,15,"279, 337",02/23/2017,2017-03-01,Singh Bhagwantpura ,1900-01-05,19:30:00,Car/Jeep/Van,0,0,0,Pedestrian,0,1,0,Hit Pedestrian,0,Intersection,Over Speeding,Bann Majra,0,1,0,30.874823,76.556444,NH,NH-205,Rural,"30.874823,76.556444"
146,147,19,"279, 337, 427, 304-A",03/10/2017,2017-03-10,Singh Bhagwantpura ,1900-01-06,03:00:00,Car/Jeep/Van,0,0,0,Car/Jeep/Van,1,0,0,Sideswipe ,1,Intersection,Over Speeding,Mugal Majri,1,0,0,30.865571,76.548904,Link Road,Link Road,Rural,"30.865571,76.548904"
147,148,26,"279, 337, 427,",03/20/2017,2017-03-22,Singh Bhagwantpura ,1900-01-02,21:40:00,Unknown,0,0,0,Cyclist,0,1,0,Hit and Run,1,Mid Block,Over Speeding,Dhiyanpura,0,1,0,30.824883,76.555903,Link Road,Link Road,Rural,"30.824883,76.555903"
148,149,33,"279, 304-A ",04/27/2017,2017-04-27,Singh Bhagwantpura ,1900-01-05,08:00:00,Bus/Truck,0,0,0,Pedestrian,1,0,0,Hit Pedestrian,1,Mid Block,Over Speeding,Kalal Majra ,1,0,0,30.860234,76.609504,Link Road,Link Road,Rural,"30.860234,76.609504"
149,150,34,"279, 337, 338 ",05/03/2017,2017-05-05,Singh Bhagwantpura ,1900-01-04,21:15:00,Car/Jeep/Van,0,0,0,Two Wheeler,0,2,0,Sideswipe ,1,Intersection,Over Speeding,Pipli chowk ,0,2,0,30.872806,76.591839,Link Road,Link Road,Rural,"30.872806,76.591839"
150,151,43,"279, 337, 427,",05/03/2017,2017-05-31,Singh Bhagwantpura ,1900-01-04,12:45:00,Bus/Truck,0,0,0,Two Wheeler,0,2,0,Hit from Back,0,Intersection,Over Speeding,Solkhiya,0,2,0,30.895971,76.534884,Link Road,Link Road,Rural,"30.895971,76.534884"
151,152,46,"279,304-A,337,427",06/08/2017,2017-06-09,Singh Bhagwantpura ,1900-01-05,18:05:00,Car/Jeep/Van,0,0,0,Two Wheeler,1,0,0,Hit from Back,1,Intersection,Over Speeding,Rangilpur,1,0,0,30.919631,76.542858,NH,NH-205,Rural,"30.919631,76.542858"
152,153,51,"279,304-A",06/28/2017,2017-06-28,Singh Bhagwantpura ,1900-01-04,17:45:00,Bus/Truck,0,0,0,Cyclist,1,0,0,Hit Cyclist,1,Intersection,Over Speeding,Bann Majra,1,0,0,30.852979,76.563058,Link Road,Link Road,Rural,"30.852979,76.563058"
153,154,56,"279,337,427,",07/17/2017,2017-07-18,Singh Bhagwantpura ,1900-01-02,06:30:00,Bus/Truck,0,0,0,Bus/Truck,0,0,1,Head on,0,Intersection,Rough Driving,Solkhiya,0,0,1,30.908817,76.545162,NH,NH-205,Rural,"30.908817,76.545162"
154,155,59,"279,337,427,",07/22/2017,2017-08-10,Singh Bhagwantpura ,1900-01-07,18:45:00,Bus/Truck,0,0,0,Cyclist,0,0,1,Hit from Back,1,Intersection,Over Speeding,"Near Bhrampur Zimidara ,Ropar",0,0,1,30.910055,76.543271,NH,NH-205,Rural,"30.910055,76.543271"
155,156,65,"279,304-A",09/09/2017,2017-09-16,Singh Bhagwantpura ,1900-01-07,14:00:00,Car/Jeep/Van,0,0,0,Pedestrian,1,0,0,Hit Pedestrian,1,Mid Block,Over Speeding,Bhiora ,1,0,0,30.935179,76.538971,NH,NH-205,Rural,"30.935179,76.538971"
156,157,67,"279,304-A",09/25/2017,2017-09-26,Singh Bhagwantpura ,1900-01-02,16:00:00,Bus/Truck,0,0,0,Two Wheeler,1,0,0,Sideswipe ,1,Intersection,Over Speeding,Solkhiya,1,0,0,30.896509,76.534381,Link Road,Link Road,Rural,"30.896509000000002,76.534381"
157,158,71,"279,304-A,427",10/13/2017,2017-10-14,Singh Bhagwantpura ,1900-01-06,19:30:00,Bus/Truck,0,0,0,Two Wheeler,1,0,0,Hit from Back,1,Intersection,Over Speeding,"Bhrampur Zimidara ,Ropar",1,0,0,30.909241,76.530021,Link Road,Link Road,Rural,"30.909241,76.530021"
158,159,72,"279,304-A,428",09/25/2017,2017-10-15,Singh Bhagwantpura ,1900-01-02,18:45:00,Two Wheeler,0,0,1,Cyclist,1,0,0,Hit from Back,0,Mid Block,Over Speeding,Chatamli,1,0,1,30.814873,76.554848,Link Road,Link Road,Rural,"30.814873,76.554848"
159,160,77,"279,337 ,427 ,304-A",11/05/2017,2017-11-06,Singh Bhagwantpura ,1900-01-01,18:15:00,Bus/Truck,0,0,0,Two Wheeler,1,0,0,Sideswipe ,1,Intersection,Over Speeding,Bhadali ,1,0,0,30.831177,76.552129,Link Road,Link Road,Rural,"30.831177,76.552129"
160,161,82,"279,304-A",12/12/2017,2017-12-12,Singh Bhagwantpura ,1900-01-03,04:00:00,Car/Jeep/Van,0,0,0,Pedestrian,1,0,0,Hit Pedestrian,1,Intersection,Over Speeding,Khabra ,1,0,0,30.890034,76.542187,Link Road,Link Road,Rural,"30.890034,76.542187"
161,162,2,"279,304-A,427",12/30/2017,2018-01-16,Singh Bhagwantpura ,1900-01-07,19:00:00,Car/Jeep/Van,0,0,0,Two Wheeler,1,0,0,Hit from Back,1,Intersection,Over Speeding,Bann Majra,1,0,0,30.852745,76.560126,Link Road,Link Road,Rural,"30.852745,76.560126"
162,163,2,"279, 304-A ",09/01/2017,2017-10-01,Anandpur Sahib ,1900-01-06,19:45:00,Car/Jeep/Van,0,0,0,Pedestrian,1,0,0,Hit Pedestrian,0,Intersection,Over Speeding,village Rampur jajur ,1,0,0,31.2889504,76.4294946,SH,SH-22,Rural,"31.2889504,76.4294946"
163,164,5,"279, 337, 338,427",01/18/2017,2017-01-18,Anandpur Sahib ,1900-01-04,13:50:00,Car/Jeep/Van,0,0,0,Two Wheeler,0,1,2,Head on,0,Intersection,Over Speeding,Main Road Ganguwal Morh,0,1,2,31.2553875,76.4734989,SH,SH-22,Rural,"31.2553875,76.4734989"
164,165,9,"283,304-A, 337, 427",03/02/2017,2017-04-02,Anandpur Sahib ,1900-01-05,17:00:00,Car/Jeep/Van,0,0,0,Two Wheeler,1,1,0,Head on,0,Intersection,Over Speeding,near village Nangali ,1,1,0,31.3002506,76.4226751,SH,SH-22,Rural,"31.3002506,76.4226751"
165,166,16,"279, 337, 427",02/14/2017,2017-02-15,Anandpur Sahib ,1900-01-03,11:30:00,Car/Jeep/Van,0,0,0,Two Wheeler,0,1,0,Head on,0,Intersection,Over Speeding,T Point Gambherpur G.T Road ,0,1,0,31.273425,76.441111,SH,SH-22,Rural,"31.273425,76.441111"
166,167,17,"279,304-A,427",01/30/2017,2017-02-15,Anandpur Sahib ,1900-01-02,15:00:00,Two Wheeler,0,0,0,Two Wheeler,1,0,0,Hit From Back,0,Intersection,Over Speeding,T Point matour ,1,0,0,31.2131941,76.5421397,SH,SH-22,Rural,"31.2131941,76.5421397"
167,168,18,"279, 304-A ,427,337",02/21/2017,2017-02-21,Anandpur Sahib ,1900-01-03,11:30:00,Bus/Truck,0,0,0,Two Wheeler,1,0,1,Hit From Back,0,Mid Block,Over Speeding,Bhupnali petrol pump front village Nanagli ,1,0,1,31.2941334,76.4254832,SH,SH-22,Rural,"31.2941334,76.4254832"
168,169,21,"279, 337, 338",02/23/2017,2017-02-26,Anandpur Sahib ,1900-01-05,23:30:00,Bus/Truck,0,0,0,Bus/Truck,0,0,1,Head on Tail,0,Intersection,Over Speeding,Agampur chowk ,0,0,1,31.239036,76.489517,SH,SH-22,Rural,"31.239036,76.489517"
169,170,24,"279, 337,427",02/28/2017,2017-05-03,Anandpur Sahib ,1900-01-03,20:00:00,Car/Jeep/Van,0,0,0,Two Wheeler,0,0,1,Head on,0,Intersection,Over Speeding,village agampur ,0,0,1,31.239036,76.489517,SH,SH-22,Rural,"31.239036,76.489517"
170,171,32,"279, 304-A ,",03/25/2017,2018-03-27,Anandpur Sahib ,1900-01-07,10:30:00,Unknown,0,0,0,Pedestrian,1,0,0,Hit Fixed Object,0,Intersection,Over Speeding,Near railway  coloney anandpur sahib ,1,0,0,31.2334759,76.498481,SH,SH-22,Urban,"31.2334759,76.498481"
171,172,38,"279, 337, 427",09/04/2017,2017-10-04,Anandpur Sahib ,1900-01-02,20:00:00,Car/Jeep/Van,0,0,0,Two Wheeler,0,1,3,Head on,0,Intersection,Over Speeding,village magewal ,0,1,3,31.256008,76.474347,SH,SH-22,Rural,"31.256008,76.474347"
172,173,63,"279, 304-A,427",07/17/2017,2017-07-17,Anandpur Sahib ,1900-01-02,19:15:00,Car/Jeep/Van,0,0,0,Two Wheeler,1,0,0,Head on,0,Mid Block,Over Speeding,village Dasgrai,1,0,0,31.278111,76.436433,SH,SH-22,Rural,"31.278111,76.436433"
173,174,66,"279, 337,338, 427",07/23/2017,2017-07-23,Anandpur Sahib ,1900-01-01,03:00:00,Bus/Truck,0,0,0,Car/Jeep/Van,0,5,10,Hit From Back,0,Intersection,Over Speeding,ravi dass chowk anandpur sahib ,0,5,10,31.2371496,76.4933585,SH,SH-22,Urban,"31.2371496,76.4933585"
174,175,68,"279, 337 ,427",07/24/2017,2017-07-24,Anandpur Sahib ,1900-01-02,23:30:00,Bus/Truck,0,0,0,Car/Jeep/Van,0,0,1,Hit From Back,0,Intersection,Over Speeding,Near railway satation Anandpur Sahib ,0,0,1,31.2334759,76.4984181,SH,SH-22,Urban,"31.2334759,76.4984181"
175,176,70,"279, 337, 304-A, 427",07/31/2017,2017-07-31,Anandpur Sahib ,1900-01-02,11:00:00,Bus/Truck,0,0,0,Two Wheeler,1,0,1,Hit From Back,0,Intersection,Over Speeding,main road village kotla ,1,0,1,31.2095093,76.5468955,SH,SH-22,Rural,"31.2095093,76.5468955"
176,177,74,"279, 304-A ,337,427",11/08/2017,2017-12-08,Anandpur Sahib ,1900-01-04,22:15:00,Car/Jeep/Van,0,0,0,Car/Jeep/Van,1,1,2,Head on,0,Mid Block,Over Speeding,main road vill. Behalu ,1,1,2,31.281442,76.434106,SH,SH-22,Rural,"31.281442,76.434106"
177,178,91,"279, 304-A, 427 ",09/14/2017,2017-09-28,Anandpur Sahib ,1900-01-05,13:00:00,Two Wheeler,0,0,0,Two Wheeler,1,0,1,Head on,0,Intersection,Over Speeding,near Ganguwal Morh ,1,0,1,31.2553875,76.4734989,SH,SH-22,Rural,"31.2553875,76.4734989"
178,179,97,"279, 304-A ,337",03/10/2017,2017-04-10,Anandpur Sahib ,1900-01-06,11:20:00,Unknown,0,0,0,Two Wheeler,1,0,1,Hit From Back,0,Intersection,Over Speeding,G.T Road Anandpur Sahib ,1,0,1,31.2371496,76.4933585,SH,SH-22,Urban,"31.2371496,76.4933585"
179,180,98,"279, 304-A, 427",04/10/2017,2017-05-10,Anandpur Sahib ,1900-01-02,22:30:00,Bus/Truck,0,0,0,Two Wheeler,1,0,0,Hit From Back,0,Mid Block,Over Speeding,near vill. Jindwari ,1,0,0,31.2999925,76.4933585,Link Road,Link Road,Rural,"31.2999925,76.4933585"
180,181,100,"279,304-A,427",07/10/2017,2017-08-07,Anandpur Sahib ,1900-01-02,17:30:00,Bus/Truck,0,0,0,Two Wheeler,1,0,0,Hit From Back,0,Intersection,Over Speeding,main road vill. Agampur ,1,0,0,31.239036,76.489517,SH,SH-22,Rural,"31.239036,76.489517"
181,182,103,"279,304-A,337,427",10/13/2017,2017-10-13,Anandpur Sahib ,1900-01-06,22:00:00,Unknown,0,0,0,Two Wheeler,1,0,1,Head on,0,Intersection,Over Speeding,Chandesar morh vill. Sadewal ,1,0,1,31.2432739,76.4845757,SH,SH-22,Rural,"31.2432739,76.4845757"
182,183,109,"279,304-A",11/18/2017,2017-11-18,Anandpur Sahib ,1900-01-07,09:30:00,Unknown,0,0,0,Pedestrian,1,0,0,Hit Pedestrian,0,Intersection,Over Speeding,main road vill. Magewal ,1,0,0,31.256008,76.474347,SH,SH-22,Rural,"31.256008,76.474347"
183,184,112,"279,337,304-A,427",11/28/2017,2017-11-28,Anandpur Sahib ,1900-01-03,02:30:00,Unknown,0,0,0,Bus/Truck,1,0,1,Head on,0,Mid Block,Over Speeding,main road vill. Dher ,1,0,1,31.263219,76.456406,SH,SH-22,Rural,"31.263219,76.456406"
184,185,128,"279,304-A,427 ",12/16/2017,2017-12-16,Anandpur Sahib ,1900-01-07,19:00:00,Two Wheeler,0,0,0,Two Wheeler,1,0,0,Head on,0,Intersection,Over Speeding,near pehlvan dhaba anandpur sahib ,1,0,0,31.239036,76.489517,SH,SH-22,Rural,"31.239036,76.489517"
185,186,132,279337338427,12/22/2017,2017-12-23,Anandpur Sahib ,1900-01-06,18:00:00,Car/Jeep/Van,0,0,0,Two Wheeler,0,1,1,Hit From Back,0,Intersection,Over Speeding,near vill. Rampur jajjar,0,1,1,31.2889504,76.4294946,SH,SH-22,Urban,"31.2889504,76.4294946"
186,187,135,"279,304-A,427",12/27/2017,2017-12-28,Anandpur Sahib ,1900-01-04,21:15:00,Car/Jeep/Van,0,0,0,Two Wheeler,1,0,0,Hit From Back,0,Intersection,Over Speeding,near railway station main road anandpur sahib ,1,0,0,31.2334759,76.4984181,SH,SH-22,Rural,"31.2334759,76.4984181"
187,188,140,"279,337,304-A,427",12/31/2017,2017-12-31,Anandpur Sahib ,1900-01-01,18:45:00,Bus/Truck,0,0,0,Two Wheeler,2,1,1,Sideswipe ,0,Intersection,Over Speeding,main road vill. Dher ,2,1,1,31.269153,76.448028,SH,SH-22,Rural,"31.269153,76.448028"
188,189,11,279337427338,01/09/2017,2017-01-26,Nangal,1900-01-02,10:45:00,Bus/Truck,0,0,0,Car/Jeep/Van,0,1,0,Head on,0,Mid Block,Approaching from wrong side,ajouli,0,1,0,31.2885055,76.3253678,Link Road,Link Road,Rural,"31.2885055,76.3253678"
189,190,18,279337338427,02/06/2017,2017-02-14,Nangal,1900-01-02,19:30:00,Tractor-Trolley,0,0,0,Two Wheeler,0,2,0,Unknown,0,Mid Block,Over Speeding,khera kamlot,0,2,0,31.2885055,76.3253678,Link Road,Link Road,Rural,"31.2885055,76.3253678"
190,191,20,"279,304-A",02/23/2017,2017-02-24,Nangal,1900-01-05,19:15:00,Car/Jeep/Van,0,0,0,Two Wheeler,1,0,0,Unknown,0,Intersection,Over Speeding,patti,1,0,0,31.3404104,76.3961028,SH,SH-22,Rural,"31.3404104,76.3961028"
191,192,24,"279,337,304-A,427",03/01/2017,2017-03-01,Nangal,1900-01-04,12:50:00,Car/Jeep/Van,0,0,0,Two Wheeler,1,1,0,Head on,0,Mid Block,Approaching from wrong side,ajouli,1,1,0,31.327151,76.406873,SH,SH-22,Rural,"31.327151,76.406873"
192,193,32,"279,304-A,427,337",03/20/2017,2017-03-20,Nangal,1900-01-02,08:35:00,Car/Jeep/Van,0,0,0,Two Wheeler,1,1,0,Sideswipe ,0,Mid Block,Over Speeding,jandla,1,1,0,31.317205,76.413861,SH,SH-22,Rural,"31.317205,76.413861"
193,194,35,"279,304-A,427",03/25/2017,2017-03-26,Nangal,1900-01-07,21:30:00,Car/Jeep/Van,0,0,0,Cyclist,1,0,0,Hit Cyclist,0,Intersection,Over Speeding,naya nangal,1,0,0,31.378928,76.343867,SH,SH-25,Rural,"31.378928,76.343867"
194,195,40,"279,337,304-A,427",03/31/2017,2017-03-31,Nangal,1900-01-06,08:30:00,Unknown,0,0,0,Two Wheeler,1,2,0,Unknown,0,Mid Block,Over Speeding,Raipur,1,2,0,31.3842533,76.38856136,Muncipality Road,Muncipality Road,Urban,"31.3842533,76.38856136"
195,196,42,"279,337,304-A,427",04/05/2017,2017-04-05,Nangal,1900-01-04,06:10:00,Bus/Truck,0,0,0,Bus/Truck,1,11,0,Head on,0,Mid Block,Approaching from wrong side,daroli,1,11,0,31.3140644,76.04152704,Link Road,Link Road,Rural,"31.3140644,76.04152704"
196,197,46,"279,304-A",04/08/2017,2017-04-12,Nangal,1900-01-07,16:35:00,Two Wheeler,0,0,0,Pedestrian,1,0,0,Hit Pedestrian,0,Mid Block,Over Speeding,hambyal,1,0,0,31.3842533,76.3721895,Muncipality Road,Muncipality Road,Urban,"31.3842533,76.3721895"
197,198,47,"279,304-A,427",04/12/2017,2017-04-13,Nangal,1900-01-04,10:30:00,Bus/Truck,0,0,0,Cyclist,1,0,0,Hit Cyclist,0,Intersection,Over Speeding,patti,1,0,0,31.3404104,76.3961028,SH,SH-22,Rural,"31.3404104,76.3961028"
198,199,52,"279,304-A",04/26/2017,2017-04-29,Nangal,1900-01-04,10:00:00,Car/Jeep/Van,0,0,0,Pedestrian,1,0,0,Hit Pedestrian,0,Mid Block,Over Speeding,nangal,1,0,0,31.3704492,76.3754854,SH,SH-22,Urban,"31.3704492,76.3754854"
199,200,54,"279,304,304-A,427",04/30/2017,2017-04-30,Nangal,1900-01-01,16:25:00,Bus/Truck,0,0,0,Two Wheeler,2,0,0,Hit from Back,0,Mid Block,Over Speeding,KALSHERA,2,0,0,31.3942273,76.3443724,SH,SH-25,Rural,"31.3942273,76.3443724"
200,201,94,279337338427,06/25/2017,2017-06-30,Nangal,1900-01-01,18:00:00,Bus/Truck,0,0,0,Two Wheeler,0,2,0,Hit from Side,0,Mid Block,Over Speeding,KALSHERA,0,2,0,31.3947743,76.3443724,SH,SH-25,Rural,"31.3947743,76.3443724"
201,202,97,"279,337,338,304-A",07/01/2017,2017-07-03,Nangal,1900-01-07,09:30:00,Unknown,0,0,0,Cyclist,1,0,0,Hit Cyclist,0,Mid Block,Over Speeding,daroli,1,0,0,31.40644,76.4152704,Link Road,Link Road,Rural,"31.40644,76.4152704"
202,203,98,"279,337,338,427,",07/05/2017,2017-07-07,Nangal,1900-01-04,18:20:00,Bus/Truck,0,0,0,Bus/Truck,0,1,0,Head on,0,Intersection,Approaching from wrong side,MP di kothi nangal,0,1,0,31.358311,76.381942,SH,SH-22,Urban,"31.358311,76.381942"
203,204,100,"279,337,338,427,304-A",07/10/2017,2017-07-11,Nangal,1900-01-02,21:30:00,Bus/Truck,0,0,0,Car/Jeep/Van,1,0,0,Head on,0,Mid Block,Approaching from wrong side,BRAHMPUR,1,0,0,31.3842533,76.3721895,Muncipality Road,Muncipality Road,Urban,"31.3842533,76.3721895"
204,205,109,279337338427,07/03/2017,2017-07-25,Nangal,1900-01-02,17:00:00,Car/Jeep/Van,0,0,0,Two Wheeler,0,1,0,Hit from Back,0,Mid Block,Over Speeding,nangal,0,1,0,31.3704442,76.3754854,SH,SH-22,Urban,"31.3704442,76.3754854"
205,206,112,279337338427,07/25/2017,2017-07-29,Nangal,1900-01-03,12:30:00,Bus/Truck,0,0,0,Two Wheeler,0,1,0,Head on,0,Mid Block,Approaching from wrong side,BHALLAN,0,1,0,31.2759781,76.3596499,SH,SH-22,Rural,"31.2759781,76.3596499"
206,207,116,"279,427,304-A",08/03/2017,2017-08-04,Nangal,1900-01-05,14:00:00,Car/Jeep/Van,0,0,0,Two Wheeler,1,0,0,Hit from Back,0,Intersection,Over Speeding,MP di kothi nangal,1,0,0,31.3583,76.381986,SH,SH-22,Urban,"31.3583,76.381986"
207,208,129,279338427,08/17/2017,2017-08-29,Nangal,1900-01-05,15:54:00,Car/Jeep/Van,0,0,0,Two Wheeler,0,1,0,Head on,0,Mid Block,Approaching from wrong side,BRAHMPUR,0,1,0,31.3842533,76.38856136,Muncipality Road,Muncipality Road,Urban,"31.3842533,76.38856136"
208,209,133,"279,304-A,337,427",09/05/2017,2017-09-05,Nangal,1900-01-03,12:30:00,Bus/Truck,0,0,0,Car/Jeep/Van,2,0,0,Hit from Side,0,Intersection,Over Speeding,naya nangal,2,0,0,31.378928,76.343867,SH,SH-25,Rural,"31.378928,76.343867"
209,210,138,279337338427,09/01/2017,2017-09-14,Nangal,1900-01-06,16:00:00,Two Wheeler,0,0,0,Car/Jeep/Van,0,1,0,Head on,0,Intersection,Approaching from wrong side,Raipur,0,1,0,31.3404104,76.3961028,SH,SH-22,Rural,"31.3404104,76.3961028"
210,211,140,"279,337,338,",08/18/2017,2017-09-16,Nangal,1900-01-06,09:30:00,Bus/Truck,0,0,0,Two Wheeler,0,1,0,Hit from Side,0,Intersection,Over Speeding,naya nangal,0,1,0,31.380086,76.363125,SH,SH-25,Rural,"31.380086,76.363125"
211,212,166,"279,304-A,427",11/08/2017,2017-11-08,Nangal,1900-01-04,06:20:00,Car/Jeep/Van,0,0,0,Two Wheeler,1,0,0,Hit from Back,0,Mid Block,Over Speeding,Raipur,1,0,0,31.3540074,76.3834434,SH,SH-22,Rural,"31.3540074,76.3834434"
212,213,171,"279,337,338,427,",11/13/2017,2017-11-15,Nangal,1900-01-02,14:40:00,Two Wheeler,0,0,0,Two Wheeler,0,2,0,Hit from Side,0,Mid Block,Over Speeding,BRAHMPUR,0,2,0,31.3842533,76.3721895,Muncipality Road,Muncipality Road,Urban,"31.3842533,76.3721895"
213,214,174,"279,337,338,427,304-A",11/17/2017,2017-11-18,Nangal,1900-01-06,18:03:00,Two Wheeler,0,0,0,Two Wheeler,1,1,0,Head on,0,Intersection,Over Speeding,badlari,1,1,0,31.3416963,76.3950177,SH,SH-22,Rural,"31.3416963,76.3950177"
214,215,181,279337338427,11/22/2017,2017-12-06,Nangal,1900-01-04,19:00:00,Car/Jeep/Van,0,0,0,Two Wheeler,0,2,0,Head on,0,Intersection,Over Speeding,nangal,0,2,0,31.3933281,76.3814892,Muncipality Road,Muncipality Road,Urban,"31.3933281,76.3814892"
215,216,184,"279,304-A,427",12/17/2017,2017-12-18,Nangal,1900-01-01,00:00:00,Bus/Truck,0,0,0,Car/Jeep/Van,1,0,0,Head on,0,Mid Block,Over Speeding,daroli,1,0,0,31.24105,76.4164432,Link Road,Link Road,Rural,"31.24105,76.4164432"
216,217,185,279337338427,12/06/2017,2017-12-18,Nangal,1900-01-04,13:20:00,Car/Jeep/Van,0,0,0,Two Wheeler,0,1,0,Hit from Back,0,Intersection,Over Speeding,suksaal,0,1,0,31.406062,76.3427994,SH,SH-25,Rural,"31.406062,76.3427994"
